Monday,Tuesday,Wednesday,Thursday,Friday,Monday2,y
1443.2,1415.3,1420.6,1418.9,1441.2,1462.6,1
1462.6,1446.3,1471,1504.7,1512.8,1504.8,1
1504.8,1492.7,1517.2,1517.8,1522.4,1475.9,1
1327.8,1325.6,1322.7,1422.7,1405.1,1390.2,-1
1390.2,1375.1,1358.8,1375.2,1382.1,1382.7,1
1382.7,1380.3,1400.7,1420.1,1426.5,1435,1
1435,1438.9,1428.7,1436.3,1467.8,1488.7,1
1488.7,1468.9,1489.4,1486.5,1531.2,1572.6,1
1572.6,1587.1,1567.3,1566.3,1582.5,1601.2,1
1601.2,1558.2,1565.5,1542.1,1516.7,1530.9,-1
1530.9,1540.3,1594.3,1580.5,1580.5,1565.8,-1
1565.8,1571.6,1542.2,1576.6,1570.6,1552.9,-1
1552.9,1546.5,1517.9,1519.6,1520.3,1515.5,1
1580,1582.1,1561.9,1565.4,1583.1,1601.4,1
1601.4,1603.4,1623.8,1613.8,1599.4,1571.9,-1
1571.9,1597.1,1603.7,1620.5,1623.8,1620.3,1
1704.9,1715.2,1700.8,1692.6,1699.8,1701.1,1
1701.1,1695.4,1683,1687,1711.9,1691.6,1
1691.6,1691.5,1672.1,1666.1,1622.2,1625.2,-1
1625.2,1610.5,1614.4,1616.1,1618.9,1605,1
1605,1627.6,1634.7,1637.9,1644.8,1646.6,1
1646.6,1643.9,1625.5,1618.3,1624,1623,1
1623,1632.9,1621.7,1615.4,1605.6,1605.6,-1
1605.6,1614.9,1622.3,1622.6,1615.4,1622,-1
1622,1611.9,1631.4,1630.2,1632.2,1626.1,1
1626.1,1644.7,1650.2,1654.3,1653.3,1497.9,-1
1497.9,1526.9,1570.8,1630.8,1627.2,1654.2,-1
1654.2,1647.1,1647.5,1655.5,1650.5,1650.5,-1
1650.5,1655.6,1647.9,1647.2,1646.2,1633.1,-1
1633.1,1629.1,1628.2,1631.3,1637.6,1629.8,1
1629.8,1634.6,1628.1,1620.7,1616.1,1614.2,-1
1614.2,1626.6,1625.4,1620,1608.1,1607,-1
1588.7,1578.7,1567.2,1568,1568.4,1571,1
1571,1585,1570.1,1564.5,1563.3,1572.7,-1
1572.7,1580.7,1587.9,1579,1572,1576.8,-1
1576.8,1590.8,1582.8,1582.1,1573.6,1573.6,-1
1573.6,1576.1,1574.2,1578.4,1606.2,1609,1
1609,1621.2,1623.2,1621,1629.4,1611.9,1
1589.2,1602.9,1586.2,1588.2,1566.6,1545.4,-1
1545.4,1546.8,1561,1553.4,1558.2,1559.1,1
1559.1,1551.1,1543.6,1546.4,1558.3,1552.9,1
1552.9,1560.9,1573.8,1561.8,1543.2,1539.6,-1
1603.3,1592.5,1578.7,1589.8,1615.7,1622.7,1
1622.7,1628.5,1667.5,1666.3,1671,1677.2,1
1677.2,1685.3,1680.1,1669.6,1664.8,1683.6,-1
1683.6,1683.1,1672.4,1680.9,1687.5,1689,1
1689,1674.6,1686.6,1681.1,1685.5,1682.1,1
1682.1,1683.6,1678.9,1681.4,1676.5,1681.1,-1
1681.1,1695,1687.8,1703.2,1717.6,1729.1,1
1729.1,1722.3,1737.3,1749.9,1745.1,1747.9,-1
1747.9,1763.3,1759.1,1764.8,1746,1750.3,-1
1750.3,1750.5,1743.4,1727.5,1732.6,1724.8,1
1724.8,1730.1,1732.2,1724.6,1736.3,1717.5,1
1717.5,1713.1,1716.3,1719,1711.5,1710.3,-1
1710.3,1717.9,1707.3,1721.7,1719.6,1734.6,-1
1734.6,1739.4,1720,1720.3,1736.1,1727.7,1
1728.3,1732.6,1743.5,1750.8,1748.2,1753,-1
1753,1751.2,1749.4,1742.3,1724.1,1758.4,-1
1758.4,1763.3,1787.5,1785.5,1803,1811.6,1
1757.1,1752.6,1756.3,1768.6,1777,1772.4,1
1772.4,1767.5,1751.2,1757.6,1754.5,1736.5,-1
1736.5,1734.1,1734.6,1740.5,1702.7,1649.7,-1
1649.7,1659.8,1628.2,1623.4,1610.4,1618.1,-1
1618.1,1610.6,1628.2,1624,1615.4,1594.7,-1
1594.7,1611.5,1628.8,1621.2,1609.5,1582.6,-1
1582.6,1564.6,1553,1541,1547.8,1555.4,1
1555.4,1533.2,1524.7,1513.1,1520,1498.7,1
1498.7,1468.9,1473.3,1513.4,1516.5,1541.3,1
1541.3,1518.7,1506.7,1530.8,1536.5,1540.6,1
1540.6,1544.6,1525.3,1528.3,1527.8,1595,-1
1595,1587.6,1584.6,1578.7,1589.3,1573.9,1
1573.9,1550.3,1557.8,1530.9,1513.4,1475,-1
1475,1476.3,1466.4,1484,1478,1424.4,-1
1424.4,1420.3,1436.1,1451.1,1439.7,1432.5,-1
1432.5,1465.5,1458.5,1453.4,1461.6,1479.1,1
1479.1,1511.6,1503.9,1510.1,1526.8,1542.5,1
1542.5,1533.8,1510.3,1493.6,1492.3,1472.6,-1
1472.6,1485,1472.7,1480.9,1487.2,1508.8,1
1508.8,1519.1,1512.2,1535.4,1548.5,1547,1
1530.9,1510.3,1517.7,1523.2,1523,1544.3,-1
1544.3,1544.9,1534,1532.5,1522.2,1525.3,-1
1525.3,1508.2,1500.6,1494.5,1476,1469.8,-1
1469.8,1481.2,1472.1,1476.2,1492,1515.6,1
1531.3,1556.4,1556.4,1542.5,1531.5,1532,-1
1532,1530.2,1516.5,1523.7,1544.6,1573.1,1
1573.1,1578.8,1574.9,1573.7,1587.6,1569.2,1
1569.2,1576.2,1562.3,1567.8,1571.9,1585.2,1
1585.2,1583.1,1601.5,1601.6,1641.4,1647.2,1
1647.2,1641.6,1649.8,1651.1,1661.4,1664.7,1
1664.7,1664.2,1653.3,1672.3,1677.4,1680.7,1
1680.7,1661.6,1644.2,1658.9,1684.4,1701,1
1701,1696.7,1693.7,1687.4,1682.8,1694.8,-1
1694.8,1713.1,1709.7,1717.4,1707.1,1702.6,-1
1702.6,1697.8,1685.1,1696.2,1698.8,1661.4,1
1661.4,1648.4,1659.5,1657.2,1661.3,1674.9,1
1674.9,1685.1,1684.2,1671.5,1661.8,1658.7,-1
1693.3,1687.1,1666.9,1666.7,1657.1,1649.8,-1
1649.8,1640.8,1628.9,1623.9,1627.2,1629.2,1
1629.2,1627.4,1623.2,1623.3,1611.9,1609,-1
1609,1616.2,1629.5,1639.8,1634.5,1627.9,-1
1692,1684.1,1689.6,1692.3,1686.9,1689.8,-1
1689.8,1698.1,1699.4,1686.3,1695.2,1707.2,1
1707.2,1708.3,1697.6,1706.6,1697.8,1692.2,-1
1692.2,1700.9,1719.8,1783.7,1797.4,1818.2,1
1818.2,1807.2,1811.6,1807.7,1813.5,1836.3,1
1836.3,1839,1823.8,1823.5,1830.8,1854.5,1
1854.5,1845.2,1833.9,1833.7,1803.2,1815.1,-1
1815.1,1843.4,1860.6,1860.7,1869.4,1872.3,1
1872.3,1865.2,1865.8,1905,1906.6,1912.2,1
1912.2,1910.2,1935.7,1939,1922.7,1888.3,-1
1888.3,1897.7,1917.8,1901.2,1904.6,1921.9,1
1921.9,1944.9,1918.6,1925.6,1925.2,1910.3,-1
1910.3,1886,1885.3,1880.8,1861.4,1872.6,-1
1872.6,1880.6,1860.4,1855.7,1882,1912.8,1
1912.8,1925.9,1893,1916.5,1885.9,1912.2,-1
1912.2,1913.6,1907.7,1915.7,1912.1,1923.7,-1
1923.7,1972.7,1987.1,1997,2005,2011,1
2011,1998.6,2001.5,1990.1,2015,2033.3,1
2033.3,2026.8,2042.6,2034.7,2066.2,2074.4,1
2074.4,2058.7,2043.1,2038.5,2069,2062.1,1
2062.1,2095.6,2084.4,2062.6,2012.6,2010.8,-1
2010.8,2022.8,2023.8,2023.3,2015,2049.1,-1
2030,2027.4,2029.6,2047.7,2047.2,2043.4,-1
2043.4,2057.8,2089.9,2110.5,2120.6,2118.8,1
2118.8,2115.5,2148.1,2175.8,2161.1,2172.8,-1
2172.8,2150,2110.7,2137.5,2151,2178.2,1
2268,2253.6,2233.4,2220.2,2211.6,2233.8,-1
2233.8,2228.8,2209.2,2164.7,2141.8,2137.4,-1
2137.4,2113.8,2134.4,2116.2,2075.6,2080,-1
2080,2126.8,2119.2,2125.1,2133.5,2177.5,1
2177.5,2179.7,2184,2151.7,2138.3,2079.4,-1
2079.4,2107.2,2085.3,2119,2090.6,2116,-1
2116,2115.6,2136.6,2128.7,2152,2119.5,1
2119.5,2107.6,2127.7,2090.3,2075,2091.6,-1
2091.6,2067.1,2020.3,2038,2060.1,2109,1
2109,2124,2115.1,2141.1,2103.5,2145.2,-1
2145.2,2165.6,2172.7,2175.1,2155.6,2131.3,-1
2131.3,2141.3,2161.1,2161.7,2130.1,2161.4,-1
2225.3,2210.6,2209.2,2198.7,2200.4,2228.8,1
2228.8,2172.4,2182.6,2197,2213.9,2202.2,1
2202.2,2243.2,2253.6,2251.2,2246,2268.7,-1
2268.7,2252.3,2249,2235.8,2237,2218.9,1
2163.1,2135.1,2145.2,2129.3,2133.1,2105.8,1
2105.8,2074.7,2074.7,2054.9,2050.7,1968.8,-1
1968.8,1983.3,1994.4,2022.1,2005.3,1988.6,-1
1988.6,2018.3,2046.3,2025.3,2036.5,2054.4,1
2054.4,2032.7,2035.7,2043.9,2050.9,2065.7,1
2065.7,2048.1,2054,2055.6,2093.6,2098.2,1
2098.2,2128.8,2138.7,2113.3,2150.3,2136.2,1
2136.2,2152,2140.4,2122.8,2146.6,2153.8,1
2153.8,2186.4,2198.9,2183.4,2184.8,2184.7,1
2184.7,2164.2,2160.4,2155.3,2124.7,2138.8,-1
2138.8,2143.1,2162.3,2153.6,2149.6,2123.8,-1
2123.8,2107.9,2126.4,2152.2,2161.5,2193.2,1
2193.2,2210.9,2212.9,2200.8,2204.7,2174.5,1
2174.5,2165.9,2163.8,2172.4,2185.2,2154.6,1
2154.6,2136.1,2124.1,2114,2118.7,2096.8,1
2096.8,2079,2079.5,2073,2089.1,2068.7,1
2090.9,2084.8,2051.2,2070,2022.2,2025.4,-1
2025.4,1974.6,2020.5,2013.2,2040.3,2071.6,1
2071.6,2069.7,2042.4,2051.5,2067.6,2043.5,1
2043.5,2053.4,2096.5,2082.4,2078.4,2089.3,-1
2105.3,2074.8,2033.3,2056,2051.6,2058.5,-1
2058.5,2044.3,2048.3,2046.6,2038.5,2071.1,-1
2071.1,2046.9,2055.6,2042.2,2028.3,2024.8,-1
2024.8,2011.3,2024.8,2052.6,2070.1,2075.9,1
2079.5,2074.8,2072.3,2062.5,2053.9,2059.2,-1
2085.6,2083.9,2078.9,2089.4,2055.6,2026.8,-1
2026.8,2018,2026.8,2030.7,2031.7,2035,1
2035,2021.3,2048.4,2045.3,2058,2089.7,1
2089.7,2092.5,2087.6,2112.7,2130.2,2117,1
2117,2133.2,2135,2115.7,2117,2101.5,1
2101.5,2097,2093.2,2118.2,2118.6,2099.3,1
2099.3,2102.2,2126.2,2118.7,2109.5,2070.3,-1
2070.3,2053.3,2025.2,2001.6,1994,1999.5,-1
1999.5,2000.5,2010.1,1992.1,2005.2,1991.8,1
1991.8,1983,1984.1,1936.1,1925.4,1946.9,-1
1946.9,1911,1918.9,1918.5,1922.6,1930.8,1
1930.8,1965,1969.8,1979.3,1981.9,1972.3,1
2024.8,2039.6,2059.1,2078.1,2096.9,2086.7,1
2086.7,2110.5,2095.3,2087.1,2065.1,2083.2,-1
2141.8,2136.7,2143.7,2148.7,2139.8,2130.4,-1
2130.4,2122.4,2096.4,2106.6,2083.9,2092.3,-1
2179.3,2201.9,2199.1,2214.4,2184.9,2199.6,-1
2199.6,2193,2182.9,2184.3,2201.9,2197.5,1
2197.5,2229.1,2240.8,2234.4,2230,2218.7,-1
2218.7,2220,2241.5,2240.7,2236,2243.4,-1
2243.4,2237.7,2221.8,2218.7,2232.9,2208.5,1
2208.5,2227.6,2252.9,2260.3,2263.5,2269.4,1
2269.4,2258.9,2263.4,2262.9,2249.3,2241.1,-1
2241.1,2231.6,2240.1,2238.3,2233.1,2250.3,-1
2250.3,2264.8,2277.1,2268,2273.7,2260.8,1
2260.8,2270.8,2295.5,2300,2317,2301.4,1
2301.4,2311.3,2305.1,2287.3,2211.8,2208.4,-1
2208.4,2227.9,2185.4,2171.9,2187,2205,1
2168.7,2138.8,2145.3,2158.1,2196.8,2191.4,1
2191.4,2201,2194.8,2179.6,2170.5,2107.4,-1
2107.4,2113.6,2150.1,2131.8,2096.1,2146.1,-1
2146.1,2167.9,2163.2,2184,2181.7,2165.8,-1
2165.8,2175,2172.3,2192.8,2172.2,2175.3,-1
2175.3,2197.3,2186.2,2200.7,2201.3,2218.3,1
2218.3,2205.1,2193.3,2192.3,2198.2,2238.1,1
2238.1,2241.5,2245.6,2242.8,2260.7,2252.2,1
2252.2,2261,2267.2,2263.1,2267.5,2272.8,1
2272.8,2289.8,2277.8,2285.9,2284.8,2266.2,-1
2323.5,2349.7,2338.2,2329.5,2356.5,2359.1,1
2359.1,2376.9,2371.3,2380.9,2398.8,2390.5,1
2390.5,2384.5,2423.1,2443.7,2432.9,2446.1,-1
2446.1,2435.8,2470.1,2459.3,2452.1,2419,-1
2398.6,2382.6,2391.1,2412,2451.8,2442.3,1
2442.3,2444.9,2472.5,2473.6,2501.2,2488,1
2488,2479,2466,2480.9,2469.1,2407.8,-1
2407.8,2436,2426.4,2426.5,2458.2,2463.2,1
2463.2,2493.3,2485.9,2504.1,2504.2,2510.3,1
2510.3,2499.3,2525.4,2508.4,2485.9,2489.1,-1
2545.9,2538.4,2524.2,2535.5,2536.5,2545.9,1
2545.9,2550.2,2538.3,2532.4,2537.2,2506.5,1
2468.9,2479.5,2472.6,2469.4,2468.8,2496.2,-1
2558.8,2546.4,2568.9,2567.5,2548.8,2546.1,-1
2546.1,2549.3,2554.3,2539.7,2540.1,2566.4,1
2566.4,2573,2573.7,2551.6,2561.4,2564,1
2564,2572.3,2569,2577.4,2583.5,2551,1
2551,2562.2,2567.4,2575.5,2544.3,2550.5,-1
2482.4,2475.1,2447.8,2465,2470.3,2477.8,1
2477.8,2457.5,2473.4,2494.5,2508.7,2520.9,1
2520.9,2522.5,2531.9,2538.2,2525.6,2528.2,-1
2528.2,2539.4,2538.7,2546.3,2548.4,2562.8,1
2562.8,2560.3,2543.7,2557.3,2555.2,2552.4,-1
2552.4,2558.8,2563.2,2560.1,2543.8,2532.9,-1
2532.9,2510.8,2532.4,2529.5,2517,2548.7,-1
2548.7,2570.1,2566.8,2570.3,2596,2629.9,1
2629.9,2628.1,2625.7,2624.4,2646.1,2627,1
2627,2638.5,2659,2666.6,2659,2651.9,-1
2702.6,2691.2,2703,2680.8,2686,2693.9,1
2693.9,2728.5,2714.9,2716.3,2734.8,2729,1
2729,2719,2699.5,2678.4,2674.2,2703.8,-1
2703.8,2673.6,2678.7,2659.3,2683.3,2671.9,1
2671.9,2691.3,2729.2,2713.2,2739.8,2728.3,1
2728.3,2734.3,2773.4,2777,2795.8,2763.8,1
2763.8,2764.1,2774.5,2772.3,2763.7,2799.2,-1
2799.2,2810.6,2797,2817.5,2845.5,2858.6,1
2858.6,2887,2866.1,2909.9,2792,2857.2,-1
2857.2,2891,2841.1,2847.1,2799.7,2855.8,-1
2855.8,2815.1,2820.8,2807.8,2854.5,2845.6,1
2881.3,2886.1,2906.3,2892.6,2933.4,2955,1
2955,2949,2988.5,2993.3,3001.4,3030.7,1
3030.7,2976.7,3028.7,3033.5,2998.2,2994.5,-1
2994.5,2989.3,2999.2,3017.3,3035.2,3062.3,1
3062.3,3067.1,3098,3104.1,3138,3184.4,1
3184.4,3187.6,3216.1,3229.5,3248.2,3232.6,1
3232.6,3276.2,3233.8,3196,3184.1,3184.2,-1
3184.2,3233.2,3237.9,3276.7,3259.6,3263.9,-1
3263.9,3320.7,3365,3417.6,3376.2,3436.1,-1
3436.1,3460.6,3415.4,3349.8,3359.3,3351,1
3351,3291.2,3315.9,3264.7,3298.2,3321.8,1
3312.9,3329.8,3359.5,3351.5,3340.1,3279.9,-1
3279.9,3327.7,3353.5,3383.3,3344.4,3347.6,-1
3347.6,3340.3,3396,3397.4,3374.1,3363.1,-1
3596.4,3655.6,3651.6,3684.6,3700.5,3668.6,1
3668.6,3671.2,3671.9,3737.2,3752.4,3750,1
3750,3721.2,3730.6,3777.6,3788.5,3748.8,1
3748.8,3761.1,3819.5,3820.2,3809.9,3766.9,-1
3766.9,3834.8,3867.5,3939.7,3946.7,4003.4,1
4003.4,4030.1,4027,4000.7,4074.3,4142.2,1
4140,4297.6,4384.8,4320.5,4368.5,4400.3,1
4400.3,4377.7,4458.7,4405.5,4337,4302.5,-1
4302.5,4325.9,4364.3,4428.1,4342.3,4333.2,-1
4333.2,4377.5,4237.1,4195.5,4077.6,4080.6,-1
4080.6,4190.5,4251.9,4204.8,4090.1,4076.8,-1
4076.8,3993.7,3992,3897.4,3919.8,4001.8,1
4001.8,4127.3,4062.1,4093.4,4073.7,4131.3,-1
4131.3,4104.6,4028,3890.2,3796.6,3869.5,-1
3869.5,3995.7,3970.4,4004,3983.1,4096.9,-1
4096.9,4091.8,4151,4104.9,4135.1,4116.5,1
4326.4,4311.1,4267.4,4179.9,4164.6,4225.3,-1
4225.3,4215.2,4168.6,4149.9,4049.2,4069.3,-1
4069.3,4172.5,4124.9,3976.4,3981.4,3871.4,1
3871.4,3645.7,3806.7,3748.9,3753.7,3847.7,1
3847.7,3784.8,3841.4,3813.9,3715.4,3728.4,-1
3728.4,3734.8,3697.5,3701.9,3676.7,3816.7,-1
3816.7,3844.1,3876.9,3931.8,3941.9,3832.1,1
3832.1,3850.1,3926.9,3962,3972.1,4125.9,1
4125.9,4096.4,4074.6,4159.7,4191.8,4208.1,1
4208.1,4187.1,4117.27,4016.7,4061.9,4029.1,1
4029.1,4150.3,4154.6,4162.9,4055.4,4125.5,-1
4417,4360.1,4340,4293.6,4237.8,4134.6,-1
4134.6,4150.1,4145.4,4140.2,4216.2,4290.1,1
4290.1,4310.8,4250.5,4238.8,4222.2,4266.3,-1
4266.3,4316.1,4385.3,4444.5,4442.5,4529.9,-1
4529.9,4529.2,4509.3,4494.7,4536.9,4519.6,1
4519.6,4558.6,4552.5,4509.4,4522.4,4535.6,1
4535.6,4627.4,4611.7,4581.1,4583,4610.7,1
4610.7,4604.6,4704.6,4695.8,4693.9,4781.6,-1
4781.6,4759.6,4690.5,4676.4,4762.7,4828.9,1
4828.9,4852.2,4862.4,4838.7,4872.2,4905.6,1
4905.6,4945.9,4908.6,4949.9,5045.2,5014.1,1
5014.1,5064.4,5114.1,5029,5066.9,5069.9,1
5069.9,5097.3,5135.4,5179,5254.3,5345.9,1
5407.9,5373.8,5312.3,5262.6,5144.4,5002.7,-1
5314.66,5232.03,5229.8,5186.23,5257.58,5341.69,1
5341.69,5297.35,5376.88,5361.22,5393.14,5342.85,1
5527.32,5591.57,5709.36,5718.06,5702.61,5654.75,-1
5654.75,5718.71,5779.91,5866.63,5870.42,5915.13,1
5915.13,5897.44,5906.85,5904.1,5953.16,5918.37,1
5918.37,5960.98,6013.14,5996.77,5982.42,6019.48,-1
6171.43,6165.52,6110.73,6058.45,6035.28,5885,-1
5885,5889.01,5853.63,5880.87,5873.92,5758.77,-1
5758.77,5756.2,5632.51,5517.64,5581.22,5476.25,1
5476.25,5268.4,5402.37,5356.23,5447.9,5456.58,1
5456.58,5568.88,5596.41,5488.22,5163.51,5234.88,-1
5234.88,5372.76,5231.61,5060.84,4993.54,4833.89,-1
4833.89,4791.81,4970.5,4812.18,4820.25,4923.37,1
4923.37,5103.84,5040.87,4747.33,4737.15,4896.49,-1
4896.49,4831.22,4857.97,4669.51,4598.58,4433.87,-1
4433.87,4575.15,4699.39,4646.25,4561.58,4653.94,-1
4653.94,4578.27,4474.51,4226.49,3962.5,4034.23,-1
4034.23,4156.64,4087.83,3896.08,3983.65,4225.49,1
4225.49,4274.48,4318.52,4399.05,4489.1,4458.4,1
4458.4,4595.82,4523.24,4454.28,4451.09,4577.74,-1
4577.74,4682.45,4536.34,4549.33,4671.12,4761.15,1
4761.15,4705.08,4841.72,4811.6,4836.22,4768.58,1
4768.58,4662.78,4717.7,4639.89,4639.65,4783.77,-1
4783.77,4702.63,4698.72,4795.69,4911.88,5019.12,1
5019.12,4958.82,4944.37,5051.63,5121.48,5022.7,1
5022.7,4781.73,4691.69,4787.08,4775.23,4713.96,-1
4713.96,4699.34,4663.68,4642.69,4536.2,4522.86,-1
4522.86,4574.5,4663.45,4723.81,4629.23,4780.93,-1
5252.36,5253.91,5443.62,5323.21,5392.84,5270.6,1
5270.6,5200.1,4931.8,4912.75,4960.22,5050.4,1
5050.4,5073.15,5143.06,5156.67,5019.28,4982.45,-1
4982.45,4986.8,5061.18,5096.41,5159.96,5190.82,1
5190.82,5166.87,5085.66,5077.85,5080.77,5027.22,1
5027.22,4904.35,4796.82,4839.33,4888.74,4879.55,1
4879.55,4904.68,4810.09,4845.08,4802.38,4845.18,-1
4845.18,4987.56,5062.31,4958.58,4911.81,4784.31,-1
4784.31,4804.02,4697.67,4678.72,4839.09,4788.69,1
4788.69,4758.46,4721.41,4754.41,5008.16,5029.24,1
5029.24,5094.63,5077.43,5013.62,5099.48,5027.06,1
5027.06,4915.03,4780.13,4860.26,4775.17,4876.92,-1
5159.16,5199.18,5182.16,5181.01,5155.35,5220.15,-1
5220.15,5087.29,5163.29,5218.82,5195.42,5256.22,-1
5256.22,5347.5,5348.61,5334.42,5393.11,5377.56,1
5377.56,5383.21,5307.22,5274.45,5297.38,5205.95,1
5190.15,5211.08,5253.89,5206.47,5262.15,5268.87,1
5268.87,5342.86,5381.25,5412,5430.32,5468.47,1
5468.47,5468.67,5399.11,5327.6,5301.21,5356.95,-1
5625.62,5612.9,5588.5,5607.1,5638.95,5652.02,1
5652.02,5573.82,5610.89,5619.26,5619.94,5624.74,1
5624.74,5491.29,5414.17,5340.91,5310.63,5206.44,-1
5206.44,5224.16,5229.56,5052.32,5101.87,5129.5,1
5129.5,5107.68,5119.37,4978.45,5010.47,5087.3,1
5087.3,5000.87,5019.69,5127.43,5219.43,5257.1,1
5257.1,5259.91,5230.47,5186.85,5254.14,5301.98,1
5301.98,5324.02,5400.32,5389.34,5420.36,5392.53,1
5392.53,5270.77,5317.12,5189.92,5336.22,5400.55,1
5400.55,5391.36,5400.7,5436.86,5483.95,5446.91,1
5446.91,5401.47,5387.18,5304.42,5303.94,5351.98,-1
5351.98,5282.76,5238.76,5299.57,5186.53,5239.64,-1
5239.64,5119.1,5135.62,5149.83,5124.55,5218.86,-1
5218.86,5301.85,5353.32,5419.31,5419.26,5414.5,-1
5414.5,5358.46,5295.43,5220.29,5184.23,5156.28,-1
5156.28,5296.91,5291.23,5246.49,5357.75,5320.4,1
5320.4,5388.76,5363.86,5478.89,5525.4,5524.92,1
5524.92,5546.95,5560.87,5635.62,5658.1,5647.94,1
5647.94,5694.73,5742.42,5802.36,5791.05,5859.29,-1
5859.29,5909.52,5870.17,5950.05,5955.97,5819.89,1
5819.89,5814.74,5818.73,5961.45,5958.07,5888.88,-1
5888.88,5896.04,5933.84,5937.2,6119.17,6142.19,1
6142.19,6158.77,6115.59,6118.06,6097.9,6127.2,-1
6127.2,6187.99,6232.75,6341.29,6353.9,6378.66,1
6750.76,6586.95,6502.07,6474.92,6780.96,6925.52,1
6925.52,6891.25,6912.81,6955.98,7173.22,7258.9,1
7258.9,7072.12,7091.04,7112.66,6992.75,6931.99,-1
6931.99,6809.64,6969.37,7126.13,7066.6,6835.6,-1
6835.6,7050.46,7171.95,7354.26,7444.61,7296.32,1
7296.32,7549.88,7629.11,7709.27,7611.55,7644.8,-1
7644.8,7396.13,7490.32,7580.53,7573.78,7590.53,-1
7590.53,7607.94,7698.97,7640.53,7738.68,7587.13,1
7587.13,7644.55,7727.93,7945.77,7960.03,7975.78,1
7975.78,8064.97,7987,7949.15,7975.95,7693.85,1
7693.85,7650.05,7414.46,7583.96,7710.92,7872.38,1
7872.38,7807.93,7798.62,7694.78,7932.42,7892.49,1
7892.49,7931.93,7864.76,7644.89,7599.39,7429.22,-1
7429.22,7522.8,7330.77,7446.21,7522.2,7516.95,1
7516.95,7442.66,7443.07,7449.06,7214.83,7187.14,-1
7408.09,7280.54,7120.86,7259.48,7269.28,7195.15,1
7195.15,7371.06,7211.51,7181.58,6989.03,6912.96,-1
6912.96,6927.69,6834.88,6978.87,6839.33,7016.66,-1
7408.02,7359.8,7285.93,7253.46,7246.79,7240.1,-1
7240.1,7268.91,7350.94,7328.62,7252.58,7198.8,-1
7198.8,7227.27,7100.09,7064.73,6980.41,7027.19,-1
7027.19,7048.96,7054.3,6881.94,6882.44,6962.02,1
6962.02,6944.36,6961.73,6972.8,7044.77,7066.22,1
7066.22,7006.05,7065.97,7166.51,7321.94,7430.7,1
7430.7,7406.91,7366.57,7480.14,7378.86,7314.2,-1
7314.2,7329.46,7268,7183.44,7128.3,7190.37,-1
7190.37,7145.53,7112.45,7011.74,7016.59,7113.22,1
7113.22,7143.96,7226.71,7280.97,7322.98,7331.67,1
7331.67,7307.43,7315.27,7278.43,7232.42,7199.34,-1
7199.34,7249.2,7232.78,7230.26,7307.17,7339.22,1
7339.22,7294.4,7192.69,7244.79,7344.67,7445.56,1
7445.56,7391.27,7329.9,7373.34,7261.04,7214.45,-1
7214.45,7135.75,7006.26,7049.82,6999.54,6891.69,-1
6891.69,6915.49,6765.23,6682.92,6740.25,6788.69,1
6788.69,6765.04,6814.06,6832.76,6798.12,6862.26,-1
6680.78,6673.15,6554.14,6465.26,6661.3,6627.25,1
6627.25,6531.71,6470.06,6619.43,6615.9,6620.87,-1
6620.87,6802.81,6748.22,6767.9,6924.68,6926.57,1
6926.57,7077.44,7059.07,7088.64,7128.27,7136.3,1
7136.3,7083.7,7010.2,6959.5,6851.69,6742.1,-1
6742.1,6966.65,6961.09,6811.49,6752.29,6605.53,-1
6605.53,6666.06,6510.54,6596.93,6664.18,6696.91,1
6696.91,6625.56,6598.32,6372.33,6512.91,6408.1,1
6408.1,6637.09,6622.25,6583.13,6691.25,6782.52,1
6782.52,6733.59,6620.21,6475.84,6331.3,6390.25,-1
6392.17,6404.52,6320.07,6465.21,6490.03,6522.87,1
6522.87,6502.89,6653.38,6635.76,6651.53,6675,1
6675,6722.41,6706.67,6727.49,6695.2,6750.96,-1
6750.96,6739.3,6795.14,6704.68,6638.2,6628.07,-1
6472.21,6451.57,6347.99,6277.99,6075.34,6189.07,-1
6189.07,6220.48,6208.24,6123.38,6159.02,6216.38,1
6216.38,6284.06,6305.64,6267.06,6204.42,6046.56,-1
6046.56,5962.93,5794.12,5889.95,5734.49,5657.29,-1
5657.29,5782.16,5622.09,5388.02,5544.67,5726.97,1
5726.97,5938.21,5817.52,5879.3,5829.95,5760.76,-1
5760.76,5553.46,5597.66,5773.34,5698.88,5781.01,-1
6051.48,6124.57,6115.19,6123.66,6175.24,6264.51,1
6122.62,6108.72,6063.94,6165.18,6141.02,6064.68,-1
6064.68,6070.38,6148.44,6173.81,6186.87,6249.87,1
6249.87,6270.59,6215.25,6278.9,6223.57,6216.83,-1
6216.83,6120.33,6041.22,6123.26,6125.17,6177.74,1
6177.74,6242.13,6192.44,6184.25,6187.21,6162.74,1
6162.74,6059.15,6111.94,6031.27,5915.18,5869.04,-1
5869.04,5922.53,5876.04,5926.38,5941.77,5902.32,1
5902.32,5847.79,5833.1,5971.77,6058.38,6109.5,1
6109.5,6056.84,6015.72,5999.19,5862.1,5869.86,-1
5869.86,5816.32,5801.8,5889.88,5928.01,5853.76,1
5853.76,5846.66,5728.37,5829.69,5764.06,5791.73,-1
5791.73,5663.26,5582.76,5675.76,5754.86,5792.19,1
5792.19,5861.19,5835.23,5777.28,5735.88,5746.04,-1
5746.04,5752.51,5614.51,5512.28,5433.49,5453.77,-1
5453.77,5520.71,5455.44,5361.92,5222.12,5207.83,-1
5207.83,5216.11,5220.21,5254.04,5387.5,5406.47,1
5406.47,5308.78,5305,5162.4,5188.17,5094.1,1
5094.1,5208.1,5048.08,4875.37,4730.67,4670.13,-1
4243.68,4194.85,4041.8,3809.67,3787.23,4038.69,-1
4038.69,4009.12,4095.32,4184.5,4308.15,4239.97,1
4239.97,4304.2,4436.66,4548.13,4487.69,4495.15,-1
4495.15,4472.42,4613.19,4718.46,4625.13,4548.48,-1
4548.48,4626.48,4644.82,4574.37,4513.53,4619.32,-1
4619.32,4704.22,4811.82,4715.6,4820.26,4660.35,1
4660.35,4543.98,4559.13,4636.13,4583.31,4755.11,-1
4755.11,4707.65,4860.66,4993.57,4910.07,4820.37,-1
4820.37,4946.97,4953.53,5006.33,5062.64,5185.1,1
5185.1,5096.18,5087.03,5124.54,5150.97,5114.12,1
5114.12,5059.57,4915.95,4936.08,4989.91,4988.44,1
4988.44,5013.99,5262.75,5271.29,5199.03,5124.68,-1
5124.68,5146.45,5062.56,4966.05,4909.42,5067.99,-1
5232.22,5236.37,5288.21,5228.11,5209.97,5065.84,-1
5065.84,5062.04,4984.2,5133.4,5122.23,5069.74,-1
5069.74,5045.72,5163.03,5170.44,5156.63,5159.02,-1
5159.02,5084.52,5052.2,5107.61,5097.06,4984.48,-1
4984.48,4936.75,4804.41,4862.62,4835.95,4940,-1
4940,4884.78,4935.35,4973.77,4862.6,4871.76,-1
5245.84,5228.67,5285.26,5289.43,5359.55,5340.67,1
5340.67,5275.81,5245.99,5276.87,5401.11,5426.04,1
5426.04,5462.55,5364.7,5348.68,5366.13,5317.38,1
5180.33,5170.25,5265.36,5162.96,5189.65,5244.2,1
5244.2,5343.88,5318.55,5262.88,5284.55,5205.48,1
5205.48,5192.1,5160.14,5054.41,5000.38,5008.04,-1
4880.67,4872.41,5028.59,4966.48,4871.7,4975.48,-1
4975.48,5049.08,5072.39,5047.45,5036.41,4998.99,-1
4998.99,4984.61,4919.5,4879.5,4899.13,4961.54,1
4961.54,4918.58,4881.8,4761.96,4818.3,4747.95,1
4747.95,4625.79,4624.31,4657.52,4610.18,4589.26,-1
4589.26,4606.09,4510.19,4470.14,4303.85,4475.1,-1
4475.1,4433.85,4354.82,4245.68,4232.4,4127.21,-1
4127.21,4202.97,4099.05,4259.43,4382.56,4366.81,1
4366.81,4195.95,4138.15,4258.62,4483.03,4442.33,1
4442.33,4369.76,4190.22,4118.5,4130.8,3912.51,1
3912.51,3977.75,4092.82,4100.75,3891.88,3691.43,-1
3691.43,3515.83,3632.66,3520.46,3579,3859.78,1
3859.78,3878.94,3700.14,3606.45,3532.49,3332.65,-1
3332.65,3568.64,3465.54,3679.26,3760.86,3647.13,1
3647.13,3683.21,3589.92,3665.74,3684.69,3837.67,1
3837.67,3768.51,3868.17,3906.55,3828.26,3783.84,-1
3783.84,3851.34,3682.84,3660.95,3712.94,3609.41,1
3609.41,3398.99,3425.9,3354.71,3485.68,3429.22,1
3429.22,3494.69,3584.69,3421.87,3361.28,3319.05,-1
3319.05,3289.13,3124.92,3007.47,3065.73,2914.25,1
2914.25,2873.21,2962.5,3020.6,2918.9,2769.03,-1
2769.03,2865.23,2926.74,2813.3,2714.62,2667.39,-1
2667.39,2622.09,2597.88,2733.19,2930.74,2850.11,1
2850.11,3048.27,3008.93,3172.46,3163.67,3282.67,-1
3282.67,3155.97,3015.42,3090.01,3102.01,3198.96,1
3198.96,3022.01,3113.59,3152.85,3165.16,3327.94,1
3327.94,3351.32,3298.84,3155.66,3079.1,3042.06,-1
3042.06,3115.88,3066.42,3188.39,3191.76,3218.36,1
3218.36,3206.93,3212.99,3304.63,3320.88,3299.24,1
3299.24,3191.63,3346.14,3360.76,3320.32,3380.2,-1
3380.2,3280.49,3320.75,3224.74,3207.53,3065.57,-1
3065.57,3167.99,3196.05,3111.88,3077.06,3205.29,-1
3205.29,3139.97,3022.69,2961.41,3024.22,3000.84,1
3157.25,3112.77,2993,3037.68,3037.33,3060.65,-1
3060.65,3098.72,3049.4,3054.11,2918.82,2893.55,-1
2893.55,2870.57,2803.25,2811.22,2717.82,2643.8,-1
2643.8,2671.36,2706.57,2693.78,2747.83,2751.99,1
2751.99,2632.98,2725.88,2649,2569.34,2586.09,-1
2586.09,2627,2571.25,2555.27,2674.46,2708.97,1
2708.97,2740.14,2624.65,2591.26,2648.87,2571.35,1
2571.35,2485.5,2450.2,2513.22,2547.05,2549.65,1
2549.65,2501.03,2498.02,2437.51,2431.66,2329.04,-1
2329.04,2305.3,2202.96,2354.31,2403.19,2487.12,1
2487.12,2584.61,2615.22,2604.85,2715.06,2548.37,1
2548.37,2636.1,2579.33,2584.05,2520.84,2423.87,-1
2423.87,2450.19,2589.35,2569.81,2654.07,2808.94,1
2808.94,2767.79,2734.1,2697.1,2733.95,2776.78,1
3013.04,3066.95,3005.64,2886.08,2956.59,2937.26,1
2937.26,2909.95,2926.03,2989.38,2989.08,2850.68,-1
2850.68,2838.93,2827.25,2865.21,2822.83,2828.28,-1
2828.28,2873.6,2919.54,2906.71,2982.68,3064.56,1
3064.56,3026.82,3080.02,3039.76,3127.46,3094.76,1
3094.76,3140.34,3178.15,3219.47,3168.71,3264.5,-1
3264.5,3286.48,3304.15,3247.11,3238.98,3186.39,-1
3186.39,3217.34,3198.82,3241.22,3224.66,3220.58,-1
3220.58,3146.55,3241.04,3241.92,3239.61,3332.87,-1
3332.87,3344.46,3322.43,3269.84,3326.51,3396.07,1
3396.07,3384.69,3387.64,3330.68,3366.71,3287,1
3287,3318.15,3304.48,3374.82,3356.89,3417.77,-1
3417.77,3428.12,3429.03,3487.86,3438.89,3405.31,-1
3405.31,3438.36,3375.66,3331.89,3332.24,3339.58,1
3339.58,3381.71,3398.89,3452.7,3443.93,3507.23,-1
3507.23,3504.53,3501.23,3565.47,3549.05,3500.09,-1
3500.09,3455.48,3483.08,3492.67,3484.58,3571.22,-1
3571.22,3567.2,3647.51,3668.67,3607.71,3641.53,-1
3641.53,3594.4,3536.87,3566.85,3508.06,3516.31,-1
3516.31,3564.75,3561.03,3612.02,3578.7,3456.27,-1
3456.27,3411.02,3307.34,3326.27,3324.85,3323.38,-1
3323.38,3256.78,3329.83,3276.64,3419,3404.91,1
3404.91,3355.78,3395.33,3481.9,3471.25,3538.39,-1
3538.39,3538.13,3570.58,3577.72,3516.67,3559.33,-1
3559.33,3580.08,3490.6,3497.14,3452.64,3517.1,-1
3517.1,3586.93,3615.42,3639.66,3655.99,3744.5,1
3744.5,3741.71,3717.7,3733.93,3782.56,3746.24,1
3746.24,3729.87,3748.34,3765.59,3797.4,3674.54,1
3674.54,3666.28,3652.29,3638.04,3642.25,3737.09,1
3737.09,3733.16,3712.98,3744.99,3745.95,3821.2,1
3821.2,3809.26,3875.66,3874.78,3841.73,3806.54,-1
3806.54,3846.18,3820.92,3858.85,3860.13,3875.47,1
3875.47,3865.98,3847.57,3870.88,3898.42,3876.94,1
4035.9,4035.44,4004.4,4045.43,4016.18,3995.91,-1
3995.91,3996.22,4055.21,4068.75,4111.64,4139.92,1
4139.92,4106.41,4138.04,4139.86,4151.83,4128.68,1
4128.68,4134.42,4150.24,4095.71,4058.6,4071.6,-1
4071.6,4057.51,4028.37,4014.79,4044.99,4098.97,1
4098.97,4110.8,4122.16,4121.65,4057.05,4070.46,-1
4070.46,4095.86,4095.34,4141.53,4073.35,4068.71,-1
4068.71,3991.42,3995.34,4007.81,4018.16,4054.43,1
4054.43,4100.34,4071.7,4133.78,4126.14,4145.99,-1
4145.99,4087.55,4044.7,3904.95,3915.38,3810.76,1
3810.76,3822.37,3896.79,3827.43,3819.15,3729.23,-1
3729.23,3728.82,3726.07,3811.92,3822.33,3881.25,1
3881.25,3874.04,3856.7,3924.85,4007.6,4048.6,1
4025.07,4061.13,4026.15,4059.15,4103.62,4125.83,1
4125.83,4134.1,4065.74,4008.91,3985.21,4007.65,-1
4007.65,3990.75,4022.1,3909.46,3895.64,3784.61,-1
3784.61,3849.84,3776.24,3824.93,3803.1,3754.37,-1
3754.37,3789.24,3872.26,3839.32,3831.84,3867.84,-1
3867.84,3828.07,3867.52,3913.33,3902.72,3921.41,-1
3921.41,3864.18,3888.31,3917.08,3961.93,4017.81,1
4017.81,4018.95,3997.76,4021.64,4014.56,3948.65,-1
3948.65,3987.3,4003.24,3985.46,3999.79,3989.31,1
3989.31,3928.39,3945.1,4007.05,4013.35,4069.35,1
4069.35,4069.73,4052.73,4035.02,3998.77,3995.73,-1
3995.73,3944.88,3930.58,3934.48,3924.49,3893.24,-1
3893.24,3903.88,3898.84,3847.19,3845.93,3812.63,-1
3812.63,3837.6,3877.48,3801.05,3797.33,3752.59,-1
3752.59,3814.08,3807.21,3889.68,3895.61,3862.71,1
3862.71,3877.32,3823.74,3829.03,3727.74,3690.33,-1
3690.33,3720.64,3678.91,3658.11,3646.99,3699.11,-1
3699.11,3705.73,3726.5,3722.99,3712.61,3772.14,-1
3772.14,3771,3788.88,3832.28,3851.18,3838.85,1
3838.85,3785.21,3817.62,3833.45,3866.99,3887.58,1
3887.58,3889.04,3884.16,3851.22,3886.03,3953.31,1
3953.31,3947.75,3941.75,3963.65,3988.07,3977.68,1
3977.68,3991.02,3942.35,3905.66,3910.3,3874.37,1
3874.37,3882.27,3920.36,3892.9,3994.96,4033.28,1
4033.28,4048.71,4049.66,4043.36,4015.54,4017.82,-1
4017.82,3957.6,3976.03,3940.46,3922.11,3915.17,-1
3915.17,3964.13,3912.4,3934.06,3935.14,3854.41,1
3854.41,3862.26,3929.03,3959.59,3960.25,4012.64,1
4012.64,4037.57,4039.04,4041.38,4063.58,4068.97,1
4068.97,4065.33,4089.13,4130.81,4143.35,4134.34,1
4134.34,4117.22,4183.41,4178.68,4134.89,4123.98,-1
4123.98,4113.37,4125.3,4160.35,4154.27,4146.98,-1
4146.98,4126,4186.03,4216.4,4208.87,4193.91,-1
4193.91,4212.62,4201.35,4150.41,4174.55,4219.24,1
4219.24,4231.3,4213.69,4233.71,4182.27,4211.55,-1
4291.53,4290.5,4258.24,4300.94,4316.4,4307.37,1
4307.37,4258.01,4208.82,4212.14,4232.36,4245.51,1
4245.51,4250.71,4245.55,4220.43,4213.7,4201.89,-1
4201.89,4233.95,4214.12,4216.41,4201.81,4254.85,-1
4254.85,4279.97,4296.31,4281.64,4339.28,4366.35,1
4366.35,4371.39,4353.15,4342.01,4387.8,4386.4,1
4386.4,4402.03,4368.77,4369.68,4359.47,4353.34,-1
4353.34,4323.21,4310.66,4304.29,4348.64,4350.49,1
4350.49,4383.62,4393.43,4373.27,4423.52,4428.09,1
4428.09,4396.5,4375.6,4337.68,4360.49,4367.3,1
4367.3,4387.69,4309.11,4315.92,4327.18,4296.36,1
4341.39,4362.61,4379.18,4389.52,4400.68,4396.09,1
4396.09,4372.12,4405.69,4402.05,4312.25,4202.2,-1
4202.2,4204.61,4178.62,4193.7,4223.04,4246.96,1
4246.96,4233.76,4189.02,4178.1,4184.84,4224.02,1
4224.02,4245.54,4264.35,4299.51,4311.06,4292.41,1
4292.41,4251.13,4244.16,4267.05,4275.7,4262.18,1
4262.18,4251.77,4324.6,4360.42,4360.68,4406.95,1
4406.95,4396.64,4389.54,4436.6,4444.71,4480.43,1
4480.43,4460.63,4527.17,4532.17,4510.39,4497.26,-1
4497.26,4566.01,4557.29,4562.75,4586.1,4599.21,1
4599.21,4591.69,4548.42,4579.87,4604.57,4586.86,1
4586.86,4608.11,4619.6,4627.48,4566.48,4523.82,-1
4523.82,4557.46,4583.63,4586.28,4617.07,4623.41,1
4623.41,4603.65,4615.49,4530.18,4597.97,4663.38,1
4663.38,4653.03,4679.89,4699.27,4712.9,4719.57,1
4719.57,4770.54,4784.5,4829.87,4836.9,4842.7,1
4842.7,4843.49,4855.35,4892.5,4886.5,4890.85,-1
4890.85,4932.87,4923.12,4874.06,4827.18,4837.86,-1
4837.86,4909.48,4990.57,4953.93,4937.33,4922.34,-1
4922.34,4883.81,4871.46,4851.27,4929.91,4941.69,1
4941.69,4917.74,4915.95,4856.01,4783.8,4812.24,-1
4812.24,4791.72,4829.69,4842.94,4837.81,4909.89,-1
4909.89,4968.28,4988.14,4992.75,5005.93,4989.98,1
4989.98,4901.88,4911.17,4905.98,4986.5,4926.13,1
4926.13,4962.86,4875.22,4849.01,4882.58,4998.16,1
4998.16,4965.88,5048.74,5021.17,5044.12,5082.07,1
5082.07,5138.02,5069.42,5017.27,5007.77,5022.79,-1
5022.79,5032.46,4981.77,4950.07,4975.56,4978.83,1
4978.83,4947.18,4845.98,4864.25,4838.4,4901.79,-1
4901.79,4872.97,4900.79,4806.05,4825.64,4929.07,1
4929.07,4922.55,4954.83,5011,4995.24,5024.2,-1
5024.2,5008.83,5011.38,5015.55,5090.75,5092.43,1
5092.43,5110.61,5081.46,5099.72,5123.5,5170.61,1
5170.61,5174.72,5196.08,5187.98,5194.27,5176.59,1
5176.59,5199.48,5193.4,5266.55,5307.99,5266.86,1
5266.86,5300.85,5266.75,5286.75,5282.13,5301.21,-1
5301.21,5310.28,5286.76,5295.82,5353.66,5350.18,1
5449.98,5460.68,5523.62,5516.53,5536.32,5537.11,1
5537.11,5494.71,5532.89,5542.13,5483.09,5514.64,-1
5514.64,5460.16,5395.61,5430.84,5349.02,5348.72,-1
5348.72,5334.3,5427.09,5548.91,5647.42,5660.03,1
5660.03,5674.15,5726.53,5649.6,5657.12,5666.78,1
5756.33,5763.4,5764.37,5789.25,5795.48,5793.95,1
5793.95,5801.04,5862.06,5857.88,5870.79,5915.15,1
5915.15,5796.04,5866.61,5783.49,5721.46,5754.06,-1
5754.06,5739.28,5673.36,5732.22,5804.92,5855.16,1
5855.16,5870.88,5898.48,5897.79,5882.38,5902.79,-1
5902.79,5911.86,5932.31,5947.11,5973.14,5912.26,1
5912.26,5890.63,5914.78,5984.19,5970.08,6024.05,-1
6024.05,6013.85,6029.2,6031.39,5952.92,6003.4,-1
6127.98,6140.72,6118.38,6054.72,5916.28,5857.03,-1
5857.03,5851.92,5652.72,5666.07,5672.28,5546.24,1
5546.24,5678.49,5587.23,5706.06,5788.36,5755.02,1
5755.02,5622.43,5692.86,5707.59,5687.04,5621.19,-1
5621.19,5502.81,5543.93,5383.28,5464.08,5395.55,1
5395.55,5292.14,5305.99,5422.22,5376.01,5439.23,-1
5514.63,5459.15,5456.87,5581.67,5683.31,5712.69,1
5712.69,5729.01,5625.63,5695.47,5681.85,5706.32,-1
5706.32,5616.04,5637.82,5527.29,5422.22,5416.96,-1
5416.96,5396.85,5539.29,5545.82,5451.01,5578.05,-1
5578.05,5565.76,5583.1,5659.07,5705.42,5681.97,1
5681.97,5596.74,5680.82,5640.03,5723.03,5626.67,1
5626.67,5651.92,5702.81,5630.96,5628.37,5692,-1
5692,5776.8,5812.94,5833.51,5817.02,5794.83,-1
5794.83,5818.41,5775.54,5814.08,5811.47,5854.99,-1
5854.99,5847.02,5867.53,5859.57,5876.54,5909.72,1
5909.72,5884.07,5813.06,5773.72,5795.26,5798.46,1
5798.46,5873.85,5906.12,5907.37,5937.87,5926.33,1
5926.33,5873.46,5954.38,5962.03,5883.32,5901.66,-1
5901.66,5960.63,5989.71,5989.16,6004.33,5999.46,1
5999.46,5992.22,6046.37,6075.28,6085.82,6084.4,1
6084.4,6117.71,6119.45,6160.28,6173.68,6186.54,1
6186.54,6115.1,6182.78,6177.42,6202.82,6242.91,1
6242.91,6247.52,6264.92,6284.19,6262.54,6258.19,-1
6258.19,6268.92,6291.9,6223.33,6241.15,6330.65,1
6330.65,6361.96,6349.26,6358.68,6357.77,6393.73,-1
6393.73,6387.38,6430.89,6443.02,6412.36,6452.33,-1
6452.33,6460.39,6476.13,6475.25,6411.96,6298.17,-1
6298.17,6281.68,6363.8,6309.19,6241.13,6295.23,-1
6295.23,6372.8,6369.51,6413.03,6427.41,6469.42,1
6469.42,6476.17,6520.77,6552.58,6588.83,6597.25,1
6607.59,6614.37,6566.56,6687.3,6705.17,6731.74,1
6731.74,6716.82,6701.7,6689.62,6747.17,6687.31,1
6687.31,6678.93,6748.37,6719.58,6690.34,6726.01,-1
6726.01,6788.23,6789.11,6851.28,6885.76,6874.06,1
6874.06,6875.7,6915.56,6876.73,6911.11,6859.45,1
6859.45,6895.34,6961.18,6958.62,6957.07,6987.08,-1
6987.08,6982.91,6941.66,6973.73,6992.58,7027.59,1
6715.49,6623.99,6447.7,6585.47,6579.87,6671.41,-1
6671.41,6700.29,6712.06,6856.96,6899.06,6828.82,1
6828.82,6858.34,6816.89,6897.08,6917.03,6937.17,1
7338.06,7348.83,7282.34,7242.73,7342.54,7335.62,1
7335.62,7270.32,7343.08,7387.02,7378.12,7408.87,-1
7525.69,7442.2,7475.99,7415.33,7479.34,7459.61,1
7459.61,7505.35,7481.25,7499.5,7607.54,7619.31,1
7976.79,7919.83,7730.05,7618.61,7590.5,7706.1,-1
7706.1,7678.26,7680.76,7849.16,8030.64,8036.12,1
8036.12,8033.52,8090.49,7964.71,7949.63,7930.61,-1
7930.61,7860.52,7801.23,7921.36,8007.32,7958.24,1
7958.24,8050.68,8075.26,7987.13,8048.32,8077.39,1
8077.39,7964.76,7898.54,8053.43,8092.77,8105.69,1
8105.69,8038.21,7893.61,7991.21,7874.85,7944.21,-1
7944.21,7806.79,7692.55,7508.96,7451.68,7456.31,-1
7456.31,7584.14,7473.93,7534.13,7435.67,7444.45,-1
7474.33,7425.07,7445.9,7270.07,7378.29,7407.53,1
7407.53,7424.75,7500.48,7511.96,7507.27,7485.99,-1
7485.99,7430.24,7439.18,7519.94,7638.17,7648.58,1
7648.58,7721.77,7588.03,7621.72,7436.63,7375.44,-1
7375.44,7457.9,7472.99,7535.97,7497.74,7479.85,-1
7479.85,7575.21,7750.84,7735.09,7794.43,7787.92,1
7787.92,7769.44,7804.15,7853.79,7861.51,7922.42,1
7922.42,7946.79,7955.3,7944.99,8002.18,7974.37,1
7974.37,7980.44,7986.57,8033.69,8041.26,7969.47,1
7969.47,7962.64,7985.41,7921.4,7884.12,7794.94,-1
7794.94,7842.79,7828.96,7932.44,7949.17,8009.67,1
8009.67,7977.94,8019.22,7880.85,7849.49,7807.55,-1
7807.55,7827.19,7799.62,7819.47,7812.4,7806.84,-1
7806.84,7777.56,7783.11,7667.03,7612.26,7511.97,-1
7511.97,7630.31,7518.42,7562.1,7608.96,7567.36,1
7567.36,7531.35,7723.66,7765.19,7870.52,7837.26,1
7837.26,7808.94,7944.77,7940.58,7994.07,8033.36,1
8033.36,8009.42,8076.12,7928.31,7948.36,7825.44,1
7817.17,7849.99,7782.71,7713.09,7717.95,7732.02,1
7732.02,7566.38,7471.57,7413.53,7314.17,6790.19,-1
6790.19,6769.47,6439.21,6821.07,6816.74,6818.85,-1
6818.85,6892.96,6875.35,6851.75,6968.67,7000.49,1
7000.49,6765.25,6847.51,6733.72,6767.28,6743.54,1
6743.54,6967.84,6973.67,6962.28,6832.43,6967.55,-1
6967.55,7002.29,6899.68,6904.85,6806.29,6882.56,-1
6882.56,6985.97,6997.85,6862.52,6748.13,6689.95,-1
6689.95,6545.04,6683.71,6591.31,6513.99,6448.08,-1
6448.08,6524.57,6599.37,6500.56,6451.9,6182.3,-1
6821.03,6771.98,6721.36,6704.32,6603.57,6554.49,-1
6554.49,6585.05,6702.84,6681.81,6843.08,6786.55,1
6786.55,6728.3,6795.03,6821.32,6896.58,6925.33,1
7052.08,7017.1,7076.25,7071.9,7003.17,7035.95,-1
7035.95,7060.19,7083.24,7081.05,7156.55,7225.94,1
7225.94,7118.5,7040.83,7070.33,6944.05,6953.84,-1
6953.84,6958.66,7033.84,7055.03,7096.79,7008.77,1
7008.77,7019.13,6965.43,6941.83,6803.81,6815.63,-1
6815.63,6771.1,6650.26,6714.52,6765.32,6729.88,1
6729.88,6796.16,6728.91,6721.17,6578.44,6589.46,-1
6589.46,6536.06,6617.84,6459.6,6421.91,6418.32,-1
6418.32,6315.94,6305.42,6353.74,6272.21,6395.75,-1
6395.75,6304.41,6386.46,6305,6153.3,6200.25,-1
6200.25,6081.7,6155.37,6271.27,6382.65,6424.84,1
6424.84,6442.79,6536.09,6440.7,6436.71,6351.15,-1
6351.15,6398.8,6460.12,6479.56,6396.46,6349.81,-1
6349.81,6518.7,6561.39,6543.49,6561.65,6609.63,1
6609.63,6585.87,6422.19,6442.21,6446.02,6432.88,1
6432.88,6282.43,6317.8,6236.96,6342.42,6296.95,1
6296.95,6340.52,6321.03,6420.54,6422.3,6421.8,1
6421.8,6518.47,6467.49,6279.57,6127.44,6263.74,-1
6263.74,6233.41,6210.32,6178.9,6234.89,6064.16,1
6064.16,5965.17,5860.98,5863.42,6143.42,6107.75,1
6107.75,6068.53,6052.87,6173.03,6063.5,5807.08,-1
5807.08,5831.02,5806.33,5660.63,5797.03,5387.01,1
5387.01,5326.63,5013.62,4887,4544.31,5062.45,-1
5062.45,5199.19,4861.63,4622.81,4781.33,4835.01,1
4835.01,4784.41,4571.07,4519.7,4295.67,4334.64,-1
4334.64,4823.45,4808.69,4869.3,4987.97,5026.84,1
5026.84,5278.04,5166.87,4813.57,4938.46,5025.53,1
5025.53,4761.58,4620.8,4649.52,4710.24,4557.27,1
4557.27,4579.47,4354.09,4220.2,4127.41,4554.33,-1
4554.33,4560.42,4560.5,4665.27,4669.44,4394.79,1
4394.79,4531.79,4567.24,4564.23,4381.47,4715.88,-1
4715.88,4779.11,4804.88,4767.2,4663.37,4654.82,-1
4654.82,4729.91,4708.38,4756.4,4696.7,4639.02,-1
4983.99,5026.31,4937.47,4879.91,4783.89,4719.62,-1
4719.62,4636.94,4422.35,4336.73,4366.28,4316.14,1
4316.14,4239.85,4261.15,4219.42,4178.94,4326.87,-1
4326.87,4323.42,4518.72,4428.11,4338.35,4271.04,-1
4271.04,4374.96,4492.79,4510.49,4644.63,4666.82,1
3936.45,3895.75,3846.21,3942.62,3843.74,3710.07,-1
3710.07,3690.72,3890.94,3695.49,3666.41,3692.03,-1
3692.03,3886.98,3914.1,3956.22,3953.6,4044.54,-1
4044.54,3987.77,3996.32,4043.46,4068.74,4176.37,1
4176.37,4187.36,4223.29,4259.37,4203.55,3989.23,-1
3989.23,4084.76,4131.07,4381.92,4384.99,4349.81,1
4491.12,4557.01,4549.79,4609.46,4676.84,4486.3,1
4486.3,4501.63,4594.42,4538.21,4674.32,4694.07,1
4694.07,4607.42,4704.56,4769.45,4769.45,4902.45,-1
4902.45,4853.03,4880.71,4804.1,4913.9,4866.91,1
4866.91,4854.11,4727.61,4738.47,4737.5,4851.96,-1
4918.45,4985.6,5000.77,4932.88,4940.82,5142.56,1
5142.56,5144.06,5054.53,5064.8,5077.03,5004.72,1
5004.72,4997.86,5051.18,5107.26,5069.24,4889.94,-1
4889.94,4890.72,4799.98,4837.48,4839.46,4693.4,1
4693.4,4707.15,4836.01,4800.56,4776.47,4885.09,-1
4885.09,4808.64,4905.44,4718.49,4708.21,4651.82,-1
4651.82,4598.19,4572.65,4630.07,4576.31,4722.34,-1
4722.34,4781.69,4928.44,4957.19,4978.4,5030.15,1
5030.15,5093.97,5121.56,5247.28,5229.36,5251.55,-1
5251.55,5174.74,5270.32,5360.66,5332.14,5426.85,-1
5426.85,5417.02,5353.01,5369.98,5458.96,5418.12,1
5418.12,5285.81,5350.09,5401.11,5309.11,5201.61,-1
5201.61,5250.74,5231.98,5311.06,5462.74,5519.75,1
5519.75,5557.09,5521.97,5470.33,5517.35,5458.04,1
5458.04,5327.29,5319.84,5301.42,5384.43,5463.51,1
5463.51,5481.73,5574.26,5594.77,5624.02,5620.24,1
5620.24,5628.98,5700.26,5731.14,5703.83,5668.65,-1
5668.65,5709.38,5702.05,5605.21,5581.41,5736.31,-1
5736.31,5713.52,5675.16,5554.55,5467.9,5508.85,-1
5508.85,5657.64,5640.75,5716.54,5711.88,5783.23,-1
5783.23,5714.31,5854.14,5830.77,5743.39,5852.56,-1
5852.56,5811.77,5833.49,5762.93,5740.25,5642.16,-1
5642.16,5635.02,5496.27,5587.45,5414.96,5430.82,-1
5430.82,5353.35,5444.23,5480.92,5488.25,5619.72,1
5619.72,5613.2,5668.35,5663.96,5686.83,5804.82,1
5804.82,5778.43,5787.61,5702.18,5663.15,5801.48,-1
5801.48,5769.31,5803.02,5614.17,5685.61,5625.95,1
5625.95,5776.61,5781.68,5770.35,5817.65,5784.75,1
5784.75,5688.58,5647.84,5709.02,5756.29,5802.26,1
5802.26,5811.34,5903.43,5844.44,5831.21,5930.53,-1
6048.3,6031.86,6034.33,6019.36,6037.61,6040.5,1
6040.5,5943,5963.14,5988.88,5875.97,5918.55,-1
5918.55,5976.48,5851.53,5746.97,5695.32,5631.37,-1
5631.37,5668.93,5643.2,5540.33,5608.79,5654.48,1
5654.48,5709.66,5672.09,5533.24,5434.34,5484.85,-1
5484.85,5498.26,5536.37,5503.93,5500.39,5511.1,-1
5511.1,5592.12,5648.34,5680.41,5722.05,5688.44,1
5688.44,5604.07,5615.51,5532.33,5598.46,5713.51,1
5713.51,5776.56,5817.88,5795.32,5877.36,5875.91,1
5875.91,5885.89,5936.72,5928.63,5945.11,5903.56,1
5903.56,5970.99,6024.28,6012.31,5982.43,5987.5,-1
5987.5,6017.27,6039,6132.95,6120.05,6156.85,-1
6235.56,6252.21,6222.41,6171.83,6249.7,6250.69,1
6250.69,6230.83,6278.4,6291.45,6180.9,6162.44,-1
6162.44,6264.23,6230.38,6168.72,6259.53,6332.1,1
6332.1,6159.51,6084.34,6144.91,6135.7,6166.92,-1
6166.92,6006.86,5958.45,5908.26,5715.09,6017.91,-1
6017.91,6037.71,6183.49,6251.97,6056.71,6066.92,-1
6066.92,6155.93,5988.67,5867.88,5829.25,5805.68,-1
5805.68,5670.04,5758.02,5937.14,5946.18,5964.33,1
5964.33,5981.27,5981.2,6054.63,5938.88,5904.95,-1
5904.95,5868.55,5984.75,6056.59,6047.83,6125,-1
6125,6175.05,6190.91,6223.54,6216.98,6292.97,-1
6292.97,6269.04,6204.52,6115.48,6070.6,6157.22,-1
6157.22,5952.03,5965.52,5857.43,5834.15,5816.2,-1
5816.2,5940.98,5992.86,6035.66,6065.24,6077.19,1
6077.19,6191.13,6209.76,6149.36,6040.27,6009.11,-1
6009.11,5967.49,5990.38,6142.15,6166.34,6194.21,1
6194.21,6207.31,6178.94,6134.7,6147.97,6292.13,1
6292.13,6307.91,6331.33,6333.58,6259.63,6351.6,-1
6351.6,6286.25,6154.07,6135.17,6110.41,6110.57,-1
6110.57,6206.4,6186.31,6075.13,6005.16,6010.91,-1
6010.91,5935.44,5899.5,5912.58,5951.17,5912.41,1
5912.41,5925.22,6083.9,6083.85,6134.62,6155.04,1
6155.04,6117.89,6164.44,6221.52,6214.77,6261.68,-1
6261.68,6275.41,6261.87,6249.65,6209.76,6294.58,-1
6294.58,6275.98,6208.33,6184.71,6298.3,6278.89,1
6278.89,6276.09,6246.92,6229.02,6211.34,6134.21,-1
6134.21,6215.83,6270.73,6276.25,6291.67,6309.51,1
6309.51,6304.57,6434.52,6455.27,6492.3,6516.63,1
6516.63,6490.69,6524.55,6611.01,6605.84,6639.21,-1
6639.21,6613.8,6568,6595.28,6601.37,6604.86,1
6604.86,6654.31,6617.8,6734.69,6754.2,6750.5,1
6750.5,6787.81,6719.84,6723.41,6734.61,6790.17,1
6790.17,6663.24,6700.07,6832.11,6843.55,6822.05,1
6822.05,6705,6823.8,6879.66,6848.98,6697.97,-1
6697.97,6688.49,6866.63,6957.61,6947.72,6954.38,-1
6954.38,7001.91,6975.87,6964.16,7006.17,7029.39,1
7029.39,7027.4,7016.37,7024.4,6982.45,7018.6,-1
6970.73,6972.1,6995.47,6914.19,6914.19,6989.74,-1
6989.74,6975.35,6939.82,6981.39,6947.84,6857.06,-1
6857.06,6941.57,7068.78,7075.11,7075.7,7078.06,1
7078.06,7143.45,7082.76,7024.27,7062.42,7067.77,1
7067.77,7059.01,7127.35,7155.58,7102.8,7077.48,-1
7077.48,7184.27,7183.67,7193.68,7216.21,7283.62,1
7283.62,7323.24,7320.9,7340.28,7371.2,7396.63,1
7396.63,7400.04,7414.3,7405.51,7426.81,7321.81,1
7321.81,7318.35,7194.6,7130.5,7185.17,7272.32,1
7272.32,7223.3,7181.12,7225.96,7178.9,7161.93,-1
7161.93,7164.75,7131.8,7063.09,6981.49,6866.63,-1
6866.63,6647.66,6513.84,6656.88,6664.4,6816.12,1
6816.12,6780.97,6804.45,6933.58,6946.36,6938.63,1
6938.63,6934.44,7057.15,7041.31,7179.81,7175.33,1
7175.33,7175.31,7215.11,7178.78,7217.02,7204.86,1
7204.86,7102.91,7177.97,7146.56,7178.29,7026.85,1
7295.49,7356.51,7404.95,7475.22,7514.46,7527.64,1
7527.64,7500.7,7373.93,7376.96,7492.25,7410.52,1
7410.52,7501.52,7495.05,7443.95,7403.31,7387.54,-1
7387.54,7256.65,7303.53,7358.23,7266.82,7121.52,-1
7121.52,7150.66,7170.94,7114.09,7163.47,7160.3,1
7160.3,7293.69,7217.43,7074.12,7109.03,7084.57,1
7084.57,7103.25,7060.23,7159.66,7069.9,7085.14,-1
7085.14,7204.79,7115.08,7110.2,7164.05,7150.21,1
7150.21,7285.51,7278.19,7149.44,7121.38,7107.9,-1
7107.9,7170.43,7294.14,7376.24,7419.44,7442.96,1
7442.96,7439.44,7431.19,7471.44,7402.73,7230.25,-1
7230.25,7174.14,7267.87,7214.74,7220.12,7107.92,1
7107.92,7192.67,7221.36,7290.14,7326.39,7344.54,1
7344.54,7349.45,7252.68,7190.06,7158.77,6953.98,-1
6953.98,6796.75,6640.59,6414.76,6236.16,5923.27,-1
5923.27,5917.08,5613.42,5797.66,5997.74,6022.24,1
6022.24,5994.9,5948.94,5602.8,5480,5473.78,-1
5473.78,5532.38,5681.08,5584.14,5537.48,5670.07,-1
5670.07,5643.92,5784.85,5730.63,5538.33,5246.2,-1
5246.2,5193.97,5405.53,5408.46,5189.93,5072.33,-1
5072.33,5166.36,5340.19,5508.24,5573.51,5415.91,1
5415.91,5571.68,5433.8,5164.21,5196.56,5345.56,1
5345.56,5628.44,5578.42,5639.58,5502.02,5376.7,-1
5376.7,5216.71,5473.03,5645.25,5675.7,5847.29,1
5847.29,5865.01,5994.47,5914.84,5967.2,5859.43,1
5859.43,5877.41,5913.53,5766.48,5970.96,6055.27,1
6055.27,6046.75,6016.07,6337.84,6346.19,6141.34,1
6141.34,5834.51,5965.63,6133.18,5966.16,5928.68,-1
5928.68,5961.44,5829.54,5867.81,6057.03,5985.02,1
5985.02,5933.14,5913.36,5850.17,5800.24,5606,-1
5606,5537.39,5457.77,5428.15,5492.87,5745.33,1
5745.33,5799.91,6088.84,6035.88,6080.68,6106.09,1
6106.09,6028.82,5994.73,5874.44,5986.71,5785.43,1
5785.43,5774.26,5675.14,5730.62,5701.78,5670.71,-1
6017.23,6162.98,6152.34,6179.21,6143.08,6220.01,-1
6220.01,6332.93,6354.57,6416.26,6404.39,6436.62,-1
6436.62,6419.22,6421.85,6539.85,6511.98,6444.45,-1
6444.45,6458.91,6616.64,6655.63,6766.67,6764.83,1
6764.83,6754.2,6748.76,6788.8,6692.96,6738.47,-1
6738.47,6728.19,6757.94,6751.96,6848.03,6948.3,1
6948.3,6908.18,6843.87,6809.46,6864.43,6849.6,1
6901.35,6995.91,7079.42,7144.45,7157.82,7154.22,1
7154.22,7054.94,7071.32,6981.26,6995.62,7079.23,1
7079.23,7078.9,6998.8,6875.15,6946.83,7056.65,1
6625.19,6801,6732.03,6671.22,6750.12,6523,1
6523,6590.41,6704.5,6739.9,6801.32,6761.19,1
6569.48,6444.74,6475.31,6518,6579.93,6451.97,1
6451.97,6401.06,6384.26,6308.96,6271.22,6331.04,-1
6331.04,6435.6,6285.75,6315.89,6339.94,6323.19,1
6323.19,6396.84,6280.8,6264.38,6050.29,5978.23,-1
5978.23,5969.4,6093.99,6144.22,6130.82,6141.05,-1
6141.05,6161.24,6152.49,6138.61,6229.41,6248.2,1
6248.2,6363.36,6392.13,6343.13,6263.25,6132.39,-1
6132.39,6136.69,6228.99,6149.91,6416.28,6496.08,1
6496.08,6578.21,6564.8,6535.56,6410.11,6387.57,-1
6387.57,6438.33,6453.85,6419.35,6557.1,6565.72,1
6565.72,6577.64,6684.42,6758.39,6630.02,6419.33,-1
6419.33,6390.41,6406.52,6582.96,6689.4,6774.06,1
6774.06,6772.26,6754.46,6606.09,6865.66,6918.72,1
6918.72,6967.95,6966.15,6964.99,6944.56,6909.68,-1
6909.68,6974.39,6946.8,6996.29,7040.88,7033.68,1
7033.68,7089.32,7017.75,6949.57,6971.07,7047.45,1
7047.45,7002.68,7010.57,6895.49,6970.79,7014.83,1
7014.83,6932.58,6964.69,7167.33,7214.5,7213.7,1
7213.7,7310.11,7343.53,7310.32,7412.13,7403.69,1
7403.69,7347.69,7390.76,7389.49,7451.62,7413.16,1
7413.16,7425.11,7276.51,7290.02,7216.15,7326.73,-1
7326.73,7305.86,7322.08,7305.21,7397.87,7291.21,1
7291.21,7234.53,7205.23,7281.7,7232.49,7261.25,-1
7261.25,7376.27,7394.55,7437.23,7380.64,7328.05,-1
7328.05,7173.69,7192.85,7200.23,7231.85,7203.16,1
7203.16,7284.4,7260.63,7335.67,7363.85,7326.47,1
7326.47,7377.76,7232.83,7204.96,7163.5,7168.76,-1
7168.76,7169.12,7101.92,7043.42,6950.53,7123.84,-1
7123.84,7172.99,7184.71,7244.99,7309.13,7292.03,1
7292.03,7332.33,7343.41,7400.96,7405.5,7435.21,1
7435.21,7435.12,7454.55,7534.54,7517.8,7530.92,-1
7530.92,7589.75,7614.79,7581.98,7596.47,7604.94,1
7604.94,7653.58,7668.5,7672.1,7636.23,7636.23,-1
7732.66,7695.83,7720.47,7708.47,7715.53,7729.52,1
7729.52,7675.91,7691.13,7735.46,7702.23,7748.86,-1
7748.86,7696.21,7707.54,7748.13,7857.97,7833,1
7833,7848.57,7811.31,7776.05,7833.39,7638.23,1
7638.23,7664.66,7581.18,7590.85,7652.14,7633.74,1
7633.74,7660.19,7711.89,7631.19,7593.51,7628.73,-1
7628.73,7752.45,7728.9,7583.57,7661.91,7773.19,1
7773.19,7597.11,7675.83,7741.7,7708.16,7691.68,-1
7691.68,7870.31,7919.33,7939.77,7986.47,7984.29,1
7984.29,7966.12,7970.91,8058.37,8042.85,8010.7,-1
8010.7,7947.79,8001.97,7932.51,7911.35,7870.9,-1
7795.31,7943.87,7874.75,7817.39,7658.75,7662.64,-1
7662.64,7637.51,7810.63,7871.63,7744.77,7712.63,-1
7712.63,7682.58,7503.03,7473.73,7459.96,7478.11,-1
7478.11,7658.21,7759.03,7832.86,7814.76,7873.5,-1
7873.5,7913.71,7913.71,7961.71,8122.29,8112.08,1
8112.08,8181.78,8249.71,8262.55,8278.59,8279.29,1
8279.29,8339.11,8362.42,8369.87,8398,8455.83,1
8455.83,8472.2,8530.89,8351.98,8305.32,8383.3,-1
8383.3,8480.87,8336.58,8400.2,8348.84,8285.8,-1
8285.8,8295.96,8196.18,8098.81,8254.68,8307.69,1
8307.69,8222.46,8143.27,8095.39,8127.96,8215.73,1
8215.73,8229.51,8197.08,7928.48,7789.24,7692.45,-1
7692.45,7811.3,7940.99,7990.75,7959.22,7983.92,-1
7983.92,7910.77,7829.32,7994.31,7806,7968.54,-1
7968.54,8057.75,8066.48,8158.8,8212.77,8234.81,1
8234.81,8201.05,8254.72,8337.09,8331.57,8331.06,-1
8331.06,8314.23,8379.11,8298.98,8244.91,8259.03,-1
8259.03,8271.02,8275.97,8410.73,8406.94,8398.38,-1
8398.38,8299.73,8260.48,8318.32,8338.31,8359.25,1
8359.25,8415.76,8438.12,8376.29,8391.94,8366.29,1
8366.29,8300.03,8285.41,8397.89,8416.99,8435.15,1
8435.15,8242.56,8157.9,8194.55,8103.15,8243.87,-1
8243.87,8180.71,8195.92,8234.98,8275.67,8276.32,1
8276.32,8446.54,8495.73,8494,8509.42,8613,1
8613,8596.95,8636.06,8694.18,8675.73,8635.29,-1
8635.29,8664.6,8665.63,8664.1,8661.51,8594.4,-1
8594.4,8689.14,8629.42,8597.91,8622.97,8591.58,1
8591.58,8555.89,8516.69,8685.77,8724.83,8723.81,1
8723.81,8804.44,8846,8811.98,8865.1,8867.22,1
8867.22,8947.46,8919.86,8980.63,8985.74,8978.65,1
8978.65,9022.04,9010.27,9033.92,9007.83,9037.23,-1
9037.23,9009.11,9040.87,9081.03,9078.28,9107.86,-1
9107.86,9076.48,9054.83,9149.66,9168.69,9225.43,1
9225.43,9193.29,9202.07,9196.08,9219.04,9299.95,1
9299.95,9290.07,9351.13,9387.37,9405.3,9401.96,1
9401.96,9223.4,9140.63,9084.95,9172.41,9195.17,1
9195.17,9114.44,9077.11,9017,9006.46,9163.56,-1
9163.56,9085.12,9181.75,9335.74,9400.18,9488.82,1
9428,9506.2,9497.84,9421.61,9473.24,9510.17,1
9510.17,9540.51,9733.81,9717.71,9742.96,9715.9,1
9715.9,9730.12,9720.11,9631.04,9392.02,9349.22,-1
9349.22,9406.91,9336.73,9373.48,9306.48,9186.52,-1
9186.52,9127.91,9116.32,9256.58,9301.92,9289.86,1
9289.86,9478.77,9540,9596.77,9662.4,9656.76,1
9656.76,9659.78,9660.05,9618.85,9656.95,9708.94,1
9708.94,9699.35,9661.73,9588.33,9692.08,9358.89,1
9358.89,9589.15,9542.02,9542.87,9350.75,9265.5,-1
9265.5,9307.79,9188.69,9017.79,9056.41,9180.89,1
9180.89,9242.55,9277.05,9296.12,9342.94,9188.77,1
9188.77,9338.4,9448.58,9451.21,9587.19,9555.91,1
9555.91,9603.71,9623.36,9628.82,9695.77,9510.85,1
9510.85,9490.79,9506.35,9454.54,9315.29,9339.17,-1
9529.5,9467.53,9521.3,9607.4,9581.45,9702.46,-1
9702.46,9754.43,9754.39,9656.05,9629.1,9659.39,-1
9659.39,9639.08,9697.87,9720.91,9768.01,9892.82,1
9892.82,9940.82,9939.17,9938.9,9943.27,9950.12,1
9950.12,9919.74,9926.67,9947.83,9987.19,10008.63,1
10008.63,10028.8,9949.81,9938.7,9912.87,9883.98,-1
9883.98,9920.32,9930.33,10004,9987.24,9920.92,-1
9920.92,9938.08,9867.75,9804.9,9815.17,9833.07,1
9833.07,9902.41,9911.27,10029.43,10009.08,9906.07,-1
9906.07,9772.67,9808.2,9659.13,9666.34,9783.01,1
9783.01,9719.41,9859.27,9753.88,9720.02,9612.05,-1
9612.05,9734.33,9753.56,9794.06,9644.01,9598.17,-1
9598.17,9653.63,9593.68,9407.48,9210.08,9154.14,-1
9154.14,9189.74,9130.04,9038.97,9009.32,9180.74,-1
9180.74,9069.47,9198.88,9225.1,9092.6,9245.33,-1
9245.33,9334.28,9314.57,9401.53,9339.17,9510.14,-1
9510.14,9588.15,9569.71,9462.56,9470.17,9479.03,1
9479.03,9507.02,9626.49,9724.26,9747.02,9758.03,1
9758.03,9710.7,9700.17,9691.28,9651.13,9659.63,-1
9659.63,9632.93,9661.5,9798.13,9799.26,9749.54,1
9749.54,9595.03,9661.97,9510.01,9490.55,9422.91,-1
9209.51,9086.21,8995.33,9005.02,8788.81,8812.43,-1
8812.43,8825.21,8571.95,8582.9,8850.27,8717.76,1
8717.76,8886.96,8940.14,9047.31,8987.8,8902.61,-1
8902.61,9068.19,9082.81,9114.84,9326.87,9251.7,1
9251.7,9166.47,9315.48,9377.41,9291.83,9351.87,-1
9351.87,9369.03,9210.96,9248.51,9252.94,9306.35,1
9306.35,9456.53,9472.8,9483.97,9732.55,9785.54,1
9785.54,9861.21,9915.56,9974.87,9980.85,9963.51,1
9963.51,9934.08,9971.79,9851.35,10087.12,10014.99,1
10014.99,9793.71,9799.73,9862.53,9594.73,9334.01,-1
9334.01,9563.89,9544.43,9811.06,9786.96,9865.76,-1
9473.16,9469.66,9518.18,9837.61,9648.5,9781.9,-1
9781.9,9941,9817.08,10032.61,10167.77,10242.35,1
10242.35,10257.13,10299.23,10435.62,10649.58,10798.33,1
10798.33,10628.58,10710.97,10737.87,10694.32,10828.01,-1
10828.01,10890.95,10911.32,10905.41,10846.39,10663.51,-1
10663.51,10753.83,10752.11,10919.65,10963.4,10923.23,1
10923.23,10895.62,10961,11001.94,11050.64,11130.92,1
11130.92,11205.74,11210.27,11327.19,11401.66,11410.36,1
11410.36,11280.36,11390.38,11504.01,11550.97,11582.11,1
11582.11,11500.38,11805.99,11799.39,11901.61,12167.72,1
12167.72,11980.85,11922.77,11899.4,12039.37,11895.84,1
11895.84,12005.69,11865.32,11843.68,11868.33,12086.01,1
12338.73,12227.6,12231.34,11998.86,11688.7,11891.91,-1
11891.91,11939.58,11867.37,11723.58,11810.85,12039.16,1
11619.85,11327.68,11350.15,11407.97,11709.73,11673.35,1
11673.35,11472.41,11351.46,11559.82,11447.03,11594.28,-1
11436.05,11328.8,11419.62,11340.6,11197.15,11064.92,-1
11064.92,11001.29,11265.39,11332.78,11196.49,10984.97,-1
10984.97,11044.01,10978.01,11100.3,11040.1,11460.5,-1
11460.5,11542.54,11471.26,11473.13,11492.43,11083.2,1
11083.2,10944.97,11180.5,11099.35,11058.39,10890.63,-1
11484.38,11516.9,11539.66,11716.76,11673.42,11735.72,-1
11735.72,11604.8,11520.67,11512.11,11347.45,11056.4,-1
11056.4,11173.91,11211.85,11257.15,11308.99,11443.72,1
11443.72,11456.07,11636.3,11585.1,11490.83,11604.78,-1
11604.78,11293.65,10924.61,11014.63,10985.14,10940.33,-1
10940.33,10915.92,10682.15,10432.19,10124.52,9648.43,-1
9648.43,10128.12,9997.43,10315.62,10298.53,10259.46,-1
10259.46,10015.57,10048.05,10317.84,10038.04,10108.61,-1
10108.61,10271.36,10303.12,10210.44,10123.56,10131.74,-1
10131.74,10188.13,10227.21,10229.58,9916.16,9948.51,-1
9948.51,9570.66,9612.62,9427.64,9688.53,9483.55,1
9483.55,9450.4,9660.44,9509.25,9553.07,9814.79,1
9814.79,9902.83,9970.4,9993.07,10096.6,10119.83,1
10119.83,10032.82,9915.85,10064.8,10104.43,10164.31,1
10164.31,10147.68,10238.1,10491.97,10794.54,10801.34,1
10801.34,10692.19,10831.96,10800.84,10850.14,10950.67,1
10950.67,10951.15,10845.24,10887.74,10988.03,10815.45,1
10815.45,10832.52,10907.87,10782.63,10708.4,10713.23,-1
10713.23,10971.04,10959.95,11085.44,11119.83,11092.31,1
11092.31,10933.99,11169.54,11320.77,11293.76,11382.23,-1
11382.23,11261.24,11190.02,10789.24,10752.1,10886.09,-1
10886.09,10673.6,10592.49,10598.93,10340.06,10139.34,-1
10139.34,10450.38,10469.26,10738.12,10608.19,10497.77,-1
10283.44,10310.1,10214.02,9979.85,9849.34,9825.07,-1
9825.07,9985.43,9960.96,9794.2,9545.27,9521.85,-1
9521.85,9664.21,9391.64,9574.16,9764.88,9736.15,1
9736.15,9822.75,9880.82,9639.59,9798.11,9757.88,1
9757.88,9581.04,9434.82,9393.36,9286.23,8979.36,-1
8979.36,8879.4,9017.29,8752.87,8967.51,9206.84,1
9206.84,9135.11,9377.21,9463.64,9388.05,9573.59,-1
9573.59,9416.77,9167.8,9331.48,9513.3,9495.4,1
9495.4,9717.16,9776.62,9751.92,9824.17,9778.93,1
9778.93,9692.82,9723.09,9498.15,9831.13,9990.26,1
9990.26,9933.85,9983.41,9892.2,9950.8,9948.64,1
9822.08,9563.36,9624.51,9530.62,9622.26,9682.99,1
9682.99,9761.47,10026.1,10093.65,10051.57,10120.31,-1
10120.31,10349.59,10421.29,10435.73,10373.49,10294.35,-1
10294.35,10259.59,10299.83,10321.15,10038.97,10123.27,-1
10123.27,9926.77,9828.25,9851.86,9869.95,9980.49,1
9842.29,10057.31,10205.21,10272.71,10286.31,10333.23,1
10333.23,10262.74,10204.44,10208,10103.26,10121.08,-1
10121.08,10287.68,10217.03,10088.87,9834.62,9657.44,-1
9657.44,9519.2,9606.71,9550.47,9631.36,9962.02,1
9268.66,9447.28,9612.27,9680.09,9776.12,9709.09,1
9709.09,9532.61,9373.26,9418.78,9629.66,9833.41,1
9833.41,9964.07,9930.71,10068.3,10066.9,10063.13,-1
10063.13,9981.24,10142.01,10156.21,10147.46,10198.24,-1
10198.24,10247.76,10319.55,10274.93,10337.5,10330.52,1
10330.52,10144.34,10170.21,10227.86,10367.21,10432.36,1
10432.36,10692.9,10650.89,10742.84,10713.43,10739.21,-1
10739.21,10676.65,10537.67,10603.03,10544.36,10494.35,-1
10494.35,10592.88,10622.97,10529.59,10587.77,10544.44,1
10544.44,10657.64,10592.69,10534.31,10683.82,10672.22,1
10672.22,10687.14,10752.98,10675.29,10573.44,10431.77,-1
10431.77,10386.6,10378.4,10431.2,10276.17,10373.87,-1
10373.87,10393.86,10436.49,10674.18,10626.97,10393.71,-1
10624.08,10577.16,10523.07,10414.07,10580.38,10503.57,1
10503.57,10631.55,10645.68,10701.39,10710.73,10761.17,1
10761.17,10757.31,10709.68,10717.08,10696.19,10665.01,-1
10665.01,10526.16,10370.93,10325.88,10259.13,10456.95,-1
10456.95,10482.32,10646.01,10630.12,10667.95,10693.69,1
10685.13,10713.85,10662.44,10689.26,10699.27,10582.67,1
10582.67,10620.49,10640.3,10534.05,10513.35,10684.83,-1
10684.83,10775.32,10986.69,11179.42,11203.63,11190.21,1
11190.21,11284.65,11244.84,11366.4,11404.01,11426.7,1
11598.33,11584.24,11584.31,11584.94,11599.01,11563.99,1
11563.99,11583.3,11646.17,11521.04,11629.18,11554.71,1
11554.71,11540,11599.39,11596.89,11630.13,11545.75,1
11545.75,11594.94,11806.05,11848.63,11814.27,11681.89,-1
11681.89,11535.31,11659.5,11627.95,11651.49,11509.84,1
11509.84,11549.44,11543.38,11642.86,11666.97,11774.43,1
11827.62,11967.49,11998.59,11947.83,11804.03,11822.67,-1
11822.67,11834.41,12067.19,12059.57,12027.36,11958.4,-1
11958.4,11966.14,11967.31,11978.39,11963.18,11990.03,-1
11990.03,11988.79,12009.87,12083.18,12095.24,12052.9,1
12052.9,11962.13,11904.12,12039.68,12064.27,11996.07,1
11996.07,12149.42,12203,12256.43,12312.87,12257.2,1
12257.2,12282.34,12217.54,12230.89,12225.06,12200.52,-1
12694.55,12749.12,12757.46,12711.06,12770.41,12807.04,1
12807.04,12804.53,12631.61,12590.06,12638.69,12619.46,1
12619.46,12659.15,12642.87,12621.72,12602.18,12628.95,-1
12690.44,12764.98,12805.95,12691.81,12752.73,12888.95,1
12888.95,12814.79,12774.26,12794,12733.41,12770.83,-1
12770.83,12671.02,12647.27,12416.19,12325.12,12475.31,-1
12445.92,12437.02,12626.58,12641.33,12631.72,12587.16,-1
12587.16,12430.39,12452.05,12447.25,12240.06,12208.95,-1
12208.95,12264.31,12305.11,12212.04,12162.7,12118.25,-1
12118.25,12251.29,12181.48,12154.72,12297.72,12257.17,1
12165.12,12177.04,12263.86,12203.46,12165.19,12065.99,-1
12065.99,12229.34,12174.3,12180.83,12167.94,12123.47,-1
12475.24,12524.77,12553.57,12540.45,12518.81,12559.39,-1
12559.39,12561.79,12569.17,12600.03,12592.35,12594.81,-1
12594.81,12605.2,12657.41,12704.65,12828.86,12902.65,1
12976.4,12949.25,12970.68,12982.89,12991.87,13003.7,1
13003.7,12995.06,13043.03,12990.1,12991.28,13003.14,1
13003.14,13013.19,12953.41,13133.28,13217.54,13229.57,1
13229.57,13229.57,13465.51,13440.93,13478.86,13468.79,1
13468.79,13379.27,13382.42,13182.56,13127.47,13074.42,-1
13000.2,13059.53,13061.87,13023.98,12861.49,13058.55,-1
13058.55,13048.54,12998.85,13045.15,13153.7,13123.65,1
13123.65,13183.53,13125.64,13068.08,13103.56,13312.3,1
13463.69,13559.6,13414.74,13298.36,13340.17,13324.48,1
13324.48,13197.71,13189.48,13003.9,12785.16,12687.49,-1
12687.49,12392.66,12590.43,12260.29,12107.48,12282.77,-1
12527.04,12490.73,12435.85,12190.94,11913.71,12090.87,-1
12418.39,12221.03,12237.74,12345.56,12389.58,12217.02,1
12217.02,12307.33,12309.15,12100.08,11886.31,11787.26,-1
12261.75,12397.32,12293.97,12415.01,12442.4,12391.41,1
12770.75,12787.13,12830.07,12811.05,12766.55,12842.91,-1
12842.91,12842.3,12890.58,13107.1,13010.55,12834.11,-1
12834.11,12677.97,12695.16,12511.91,12579.72,12270.33,1
12543.89,12609.85,12417.13,12492.97,12540.73,12561.02,1
12561.02,12661.54,12765.94,12686.29,12561.42,12548.57,-1
12548.57,12689.39,12579.33,12809.23,12860.4,12798.2,1
12798.2,12805.5,12737.05,12546.33,12615.76,12598.21,1
12598.21,12648.19,12633.54,12676.11,12424.35,12358.74,-1
12358.74,12358.87,12163.01,12237.17,12210.55,12331.3,-1
12331.3,12384.49,12385.7,12365.58,12394.52,12538.31,1
11986.34,11970.27,12032.3,12055.55,12124.33,12096.41,1
12096.41,12157.67,12219.02,12326.48,12430.88,12350.82,1
11947.16,11977.22,11712.5,11539.35,11523.81,11614.16,-1
11614.16,11776.55,11715.03,11589.21,11553.83,11524.34,-1
11524.34,11274.28,11191.63,11307.12,11200.62,11335.48,-1
11335.48,11287.39,11447.51,11468.54,11518.99,11494.96,1
11494.96,11484.34,11579.1,11527.32,11529.16,11325.44,1
11325.44,11472.22,11412.53,11353.67,11341,11244.54,-1
11354.72,11309.11,11298.88,11298.23,11257.24,11465.46,-1
11465.46,11335.32,11200.24,10810.98,10788.09,10622.07,-1
10622.07,10780.51,10929.43,10924.7,10865.77,10772.2,-1
10747.81,10803.98,10893.32,10921.59,10887.46,10855.91,-1
11176.58,11367.98,11324.72,11022.02,10906.78,11014.59,-1
11505.39,11540.79,11487.33,11515.64,11601.68,11592.66,1
11592.66,11620.74,11587.63,11517.8,11457.84,11543.48,-1
11543.48,11524.17,11572.41,11587.47,11685.69,11657.06,1
11657.06,11788.41,11603.89,11549.96,11364.17,11346.65,-1
11346.65,11419.48,11419.04,11428.16,11526.04,11681.99,1
11681.99,11754.79,11954.4,11988.01,12009.75,11963.4,1
11963.4,11850.57,11905.91,11935.2,11999.93,12020.28,1
12286.88,12092.74,12179.93,11973.92,12059.83,11876.65,1
11876.65,11991.62,12099.57,12310.37,12238.94,12041.29,-1
12543.51,12436.55,12373.41,12332.12,12323.32,12387.34,-1
12289.4,12490.74,12522.89,12362.1,12419.9,12417.47,1
12417.47,12147.24,12189.04,12253.15,11872.44,11658.51,-1
11658.51,11567.96,11650.15,11845.41,11693.8,11679.68,-1
11715.37,11651.18,11802.85,11747.04,11611.51,11658.04,-1
12226.1,12268.71,12359.07,12410.25,12468.53,12380.31,1
12380.31,12372.61,12389.62,12457.7,12468.01,12342.33,1
12342.33,12307.15,12234.18,12288.54,12380.94,12428.08,1
12097.43,11970.2,12094.26,12164.2,12511.65,12486.56,1
12486.56,12629.79,12670.11,12654.95,12633.6,12747.96,-1
12747.96,12754.69,12798.19,12872.1,12894.51,12941.71,1
12941.71,12939.62,12910.23,12866.79,12961.05,13136.28,1
13136.28,13148.5,13179.89,13289.46,13228.56,13198.37,-1
13198.37,13283.51,13230.07,13180.23,13241.75,13207.01,1
13105.61,13070.72,13146.74,13221.64,13282.72,13407.66,1
13407.66,13287.83,13222.16,13211.96,13318.9,13300.98,1
13126.99,13226.83,13320.18,13495.06,13483.31,13451.52,-1
13204.77,13323.69,13345,13157.12,12981.97,13045.19,-1
13045.19,13281.74,13478.33,13574.82,13513.81,13494.03,-1
13035.24,12790.49,12774.88,12367.46,11890.35,11857.87,-1
11857.87,11985.39,12127.69,11944.72,11541.87,10625.02,-1
8742.25,8939.1,8441.71,8610.43,8928.95,8741.15,1
